Data;c1;c2;c3;c4;c5;c6;c7;c8;c9;c10;c11;c12;c13;c14;c15;c16;c17;c18;c19;c20;c21;c22;c23;c24;c25;c26;c27;c28;c29;c30;c31;c32
01/09/2026;;;;;;;;;390001;;;;;;;;;;;07:25;14:53;;;;07:42;;;;;101;202;207
01/09/2026;;;;;;;;;390002;;;;;;;;;;;07:05;17:45;;;;11:08;;;;;102;213;
01/09/2026;;;;;;;;;390003;;;;;;;;;;;06:59;13:59;;;;06:42;;;;;104;215;202
01/09/2026;;;;;;;;;390004;;;;;;;;;;;06:39;15:14;;;;09:02;;;;;105;;
01/09/2026;;;;;;;;;390005;;;;;;;;;;;07:01;14:05;;;;07:03;;;;;106;;
01/09/2026;;;;;;;;;390006;;;;;;;;;;;07:30;14:50;;;;07:48;;;;;108;;
01/09/2026;;;;;;;;;390007;;;;;;;;;;;07:00;16:20;;;;09:57;;;;;109;204;
01/09/2026;;;;;;;;;390008;;;;;;;;;;;06:55;16:46;;;;10:08;;;;;110;;
01/09/2026;;;;;;;;;390009;;;;;;;;;;;06:34;15:00;;;;08:15;;;;;111;204;201
01/09/2026;;;;;;;;;390010;;;;;;;;;;;07:02;15:02;;;;07:47;;;;;114;203;212
01/09/2026;;;;;;;;;390011;;;;;;;;;;;07:21;16:05;;;;08:59;;;;;115;207;
01/09/2026;;;;;;;;;390012;;;;;;;;;;;06:33;16:25;;;;09:55;;;;;116;;
01/09/2026;;;;;;;;;390013;;;;;;;;;;;06:42;15:59;;;;09:00;;;;;117;208;
01/09/2026;;;;;;;;;390014;;;;;;;;;;;07:25;18:04;;;;11:08;;;;;118;;
01/09/2026;;;;;;;;;390015;;;;;;;;;;;07:29;17:41;;;;10:34;;;;;119;204;
01/09/2026;;;;;;;;;390016;;;;;;;;;;;06:30;15:09;;;;08:53;;;;;120;212;213
01/09/2026;;;;;;;;;390017;;;;;;;;;;;06:33;16:01;;;;09:28;;;;;121;;
01/09/2026;;;;;;;;;390018;;;;;;;;;;;07:28;18:06;;;;11:03;;;;;123;;
01/09/2026;;;;;;;;;390019;;;;;;;;;;;06:34;16:06;;;;09:07;;;;;124;204;210
01/09/2026;;;;;;;;;390020;;;;;;;;;;;07:07;16:31;;;;09:10;;;;;125;212;206
02/09/2026;;;;;;;;;390021;;;;;;;;;;;06:49;15:46;;;;09:15;;;;;101;210;202
02/09/2026;;;;;;;;;390022;;;;;;;;;;;07:29;15:58;;;;08:25;;;;;102;;
02/09/2026;;;;;;;;;390023;;;;;;;;;;;07:04;17:04;;;;10:27;;;;;103;;
02/09/2026;;;;;;;;;390024;;;;;;;;;;;07:05;15:21;;;;07:50;;;;;104;;
02/09/2026;;;;;;;;;390025;;;;;;;;;;;06:39;14:48;;;;08:12;;;;;105;;
02/09/2026;;;;;;;;;390026;;;;;;;;;;;07:24;15:31;;;;07:33;;;;;106;;
02/09/2026;;;;;;;;;390027;;;;;;;;;;;07:23;15:33;;;;07:46;;;;;107;205;203
02/09/2026;;;;;;;;;390028;;;;;;;;;;;07:27;15:05;;;;08:12;;;;;110;203;207
02/09/2026;;;;;;;;;390029;;;;;;;;;;;07:20;18:00;;;;10:31;;;;;111;202;206
02/09/2026;;;;;;;;;390030;;;;;;;;;;;06:45;14:26;;;;07:23;;;;;112;215;206
02/09/2026;;;;;;;;;390031;;;;;;;;;;;06:36;15:13;;;;08:22;;;;;113;206;
02/09/2026;;;;;;;;;390032;;;;;;;;;;;07:12;15:01;;;;07:17;;;;;114;206;
02/09/2026;;;;;;;;;390033;;;;;;;;;;;07:23;16:40;;;;09:10;;;;;115;;
02/09/2026;;;;;;;;;390034;;;;;;;;;;;06:46;13:55;;;;07:13;;;;;116;213;206
02/09/2026;;;;;;;;;390035;;;;;;;;;;;07:06;14:54;;;;08:03;;;;;117;;
02/09/2026;;;;;;;;;390036;;;;;;;;;;;07:21;16:38;;;;08:45;;;;;118;215;206
02/09/2026;;;;;;;;;390037;;;;;;;;;;;07:12;15:56;;;;08:41;;;;;119;203;204
02/09/2026;;;;;;;;;390038;;;;;;;;;;;06:55;16:15;;;;09:06;;;;;120;213;
02/09/2026;;;;;;;;;390039;;;;;;;;;;;06:59;15:52;;;;09:13;;;;;121;203;211
02/09/2026;;;;;;;;;390040;;;;;;;;;;;06:35;17:04;;;;10:14;;;;;122;;
02/09/2026;;;;;;;;;390041;;;;;;;;;;;07:00;16:36;;;;10:16;;;;;124;204;212
02/09/2026;;;;;;;;;390042;;;;;;;;;;;07:14;14:15;;;;06:43;;;;;125;209;208
03/09/2026;;;;;;;;;390043;;;;;;;;;;;07:21;16:19;;;;08:58;;;;;101;210;
03/09/2026;;;;;;;;;390044;;;;;;;;;;;07:05;15:59;;;;08:47;;;;;102;;
03/09/2026;;;;;;;;;390045;;;;;;;;;;;06:47;17:03;;;;10:06;;;;;103;208;
03/09/2026;;;;;;;;;390046;;;;;;;;;;;06:51;15:12;;;;08:00;;;;;104;;
03/09/2026;;;;;;;;;390047;;;;;;;;;;;06:39;16:39;;;;10:12;;;;;105;209;
03/09/2026;;;;;;;;;390048;;;;;;;;;;;06:54;17:11;;;;10:50;;;;;107;208;
03/09/2026;;;;;;;;;390049;;;;;;;;;;;06:54;17:32;;;;11:07;;;;;108;215;204
03/09/2026;;;;;;;;;390050;;;;;;;;;;;06:54;15:20;;;;08:02;;;;;109;209;201
03/09/2026;;;;;;;;;390051;;;;;;;;;;;07:25;16:23;;;;09:06;;;;;111;204;
03/09/2026;;;;;;;;;390052;;;;;;;;;;;07:26;16:03;;;;08:07;;;;;112;201;
03/09/2026;;;;;;;;;390053;;;;;;;;;;;06:52;14:49;;;;07:20;;;;;113;;
03/09/2026;;;;;;;;;390054;;;;;;;;;;;06:31;16:10;;;;09:59;;;;;114;202;210
03/09/2026;;;;;;;;;390055;;;;;;;;;;;07:08;17:19;;;;09:44;;;;;115;201;205
03/09/2026;;;;;;;;;390056;;;;;;;;;;;07:10;15:12;;;;08:38;;;;;117;;
03/09/2026;;;;;;;;;390057;;;;;;;;;;;07:06;17:26;;;;10:34;;;;;118;206;202
03/09/2026;;;;;;;;;390058;;;;;;;;;;;07:22;16:27;;;;09:23;;;;;119;203;207
03/09/2026;;;;;;;;;390059;;;;;;;;;;;07:28;16:45;;;;09:52;;;;;120;206;
03/09/2026;;;;;;;;;390060;;;;;;;;;;;06:58;15:00;;;;08:10;;;;;121;201;
03/09/2026;;;;;;;;;390061;;;;;;;;;;;06:43;15:13;;;;09:06;;;;;122;215;205
03/09/2026;;;;;;;;;390062;;;;;;;;;;;07:01;16:23;;;;09:44;;;;;124;213;
03/09/2026;;;;;;;;;390063;;;;;;;;;;;06:55;16:52;;;;10:31;;;;;125;208;
04/09/2026;;;;;;;;;390064;;;;;;;;;;;07:17;16:37;;;;09:38;;;;;101;205;
04/09/2026;;;;;;;;;390065;;;;;;;;;;;06:42;15:02;;;;08:03;;;;;102;;
04/09/2026;;;;;;;;;390066;;;;;;;;;;;07:00;15:10;;;;08:06;;;;;103;;
04/09/2026;;;;;;;;;390067;;;;;;;;;;;06:48;14:46;;;;07:19;;;;;104;209;203
04/09/2026;;;;;;;;;390068;;;;;;;;;;;07:30;15:02;;;;06:53;;;;;105;205;208
04/09/2026;;;;;;;;;390069;;;;;;;;;;;06:46;17:26;;;;10:51;;;;;106;202;
04/09/2026;;;;;;;;;390070;;;;;;;;;;;06:39;14:17;;;;07:29;;;;;107;;
04/09/2026;;;;;;;;;390071;;;;;;;;;;;06:56;16:31;;;;10:01;;;;;108;208;
04/09/2026;;;;;;;;;390072;;;;;;;;;;;06:57;15:15;;;;08:56;;;;;109;202;213
04/09/2026;;;;;;;;;390073;;;;;;;;;;;06:40;14:41;;;;07:41;;;;;110;;
04/09/2026;;;;;;;;;390074;;;;;;;;;;;07:14;16:46;;;;09:21;;;;;111;212;
04/09/2026;;;;;;;;;390075;;;;;;;;;;;06:46;17:07;;;;10:06;;;;;113;202;
04/09/2026;;;;;;;;;390076;;;;;;;;;;;07:28;15:36;;;;07:49;;;;;114;210;
04/09/2026;;;;;;;;;390077;;;;;;;;;;;06:59;16:55;;;;10:20;;;;;115;208;215
04/09/2026;;;;;;;;;390078;;;;;;;;;;;07:08;15:12;;;;08:37;;;;;116;201;213
04/09/2026;;;;;;;;;390079;;;;;;;;;;;07:11;16:04;;;;09:08;;;;;117;214;208
04/09/2026;;;;;;;;;390080;;;;;;;;;;;07:12;14:38;;;;07:49;;;;;118;211;
04/09/2026;;;;;;;;;390081;;;;;;;;;;;06:37;16:54;;;;10:46;;;;;121;207;
04/09/2026;;;;;;;;;390082;;;;;;;;;;;07:09;17:22;;;;09:39;;;;;122;;
04/09/2026;;;;;;;;;390083;;;;;;;;;;;06:38;14:51;;;;07:36;;;;;123;210;213
04/09/2026;;;;;;;;;390084;;;;;;;;;;;06:44;17:19;;;;10:14;;;;;125;215;
07/09/2026;;;;;;;;;390085;;;;;;;;;;;06:56;17:29;;;;10:51;;;;;101;203;207
07/09/2026;;;;;;;;;390086;;;;;;;;;;;06:47;17:04;;;;10:41;;;;;102;214;
07/09/2026;;;;;;;;;390087;;;;;;;;;;;07:23;16:53;;;;09:09;;;;;103;209;
07/09/2026;;;;;;;;;390088;;;;;;;;;;;07:18;16:37;;;;09:03;;;;;104;204;210
07/09/2026;;;;;;;;;390089;;;;;;;;;;;07:00;17:00;;;;09:39;;;;;105;201;
07/09/2026;;;;;;;;;390090;;;;;;;;;;;06:51;14:16;;;;07:43;;;;;106;;
07/09/2026;;;;;;;;;390091;;;;;;;;;;;06:56;16:43;;;;09:40;;;;;107;210;
07/09/2026;;;;;;;;;390092;;;;;;;;;;;07:13;17:52;;;;11:19;;;;;109;215;213
07/09/2026;;;;;;;;;390093;;;;;;;;;;;07:28;15:41;;;;07:45;;;;;111;212;214
07/09/2026;;;;;;;;;390094;;;;;;;;;;;06:32;14:55;;;;08:30;;;;;112;203;
07/09/2026;;;;;;;;;390095;;;;;;;;;;;07:13;17:35;;;;09:52;;;;;113;214;207
07/09/2026;;;;;;;;;390096;;;;;;;;;;;06:59;16:42;;;;09:04;;;;;114;215;
07/09/2026;;;;;;;;;390097;;;;;;;;;;;06:58;15:26;;;;08:42;;;;;115;205;208
07/09/2026;;;;;;;;;390098;;;;;;;;;;;06:52;16:19;;;;09:37;;;;;117;201;
07/09/2026;;;;;;;;;390099;;;;;;;;;;;07:17;16:24;;;;09:12;;;;;118;;
07/09/2026;;;;;;;;;390100;;;;;;;;;;;07:09;15:13;;;;08:44;;;;;119;201;205
07/09/2026;;;;;;;;;390101;;;;;;;;;;;06:35;14:50;;;;08:00;;;;;120;;
07/09/2026;;;;;;;;;390102;;;;;;;;;;;07:26;15:59;;;;08:14;;;;;121;215;
07/09/2026;;;;;;;;;390103;;;;;;;;;;;06:51;17:16;;;;10:03;;;;;122;;
07/09/2026;;;;;;;;;390104;;;;;;;;;;;07:16;17:08;;;;09:23;;;;;123;201;
07/09/2026;;;;;;;;;390105;;;;;;;;;;;06:53;16:45;;;;09:59;;;;;124;;
07/09/2026;;;;;;;;;390106;;;;;;;;;;;07:00;14:06;;;;07:44;;;;;125;;
08/09/2026;;;;;;;;;390107;;;;;;;;;;;07:10;17:40;;;;10:42;;;;;101;;
08/09/2026;;;;;;;;;390108;;;;;;;;;;;07:30;14:39;;;;06:41;;;;;102;;
08/09/2026;;;;;;;;;390109;;;;;;;;;;;06:38;15:17;;;;09:08;;;;;103;210;
08/09/2026;;;;;;;;;390110;;;;;;;;;;;07:23;16:28;;;;08:29;;;;;104;206;204
08/09/2026;;;;;;;;;390111;;;;;;;;;;;07:04;16:49;;;;09:40;;;;;106;;
08/09/2026;;;;;;;;;390112;;;;;;;;;;;07:30;18:07;;;;10:24;;;;;107;211;210
08/09/2026;;;;;;;;;390113;;;;;;;;;;;07:20;16:44;;;;09:54;;;;;108;;
08/09/2026;;;;;;;;;390114;;;;;;;;;;;07:22;15:21;;;;08:35;;;;;109;;
08/09/2026;;;;;;;;;390115;;;;;;;;;;;06:39;14:12;;;;07:15;;;;;110;;
08/09/2026;;;;;;;;;390116;;;;;;;;;;;06:31;14:04;;;;07:23;;;;;111;206;201
08/09/2026;;;;;;;;;390117;;;;;;;;;;;07:03;14:32;;;;07:35;;;;;112;210;202
08/09/2026;;;;;;;;;390118;;;;;;;;;;;07:25;17:13;;;;09:11;;;;;114;;
08/09/2026;;;;;;;;;390119;;;;;;;;;;;07:24;16:06;;;;08:58;;;;;115;;
08/09/2026;;;;;;;;;390120;;;;;;;;;;;06:50;16:25;;;;09:30;;;;;116;211;210
08/09/2026;;;;;;;;;390121;;;;;;;;;;;06:59;16:08;;;;08:43;;;;;117;211;213
08/09/2026;;;;;;;;;390122;;;;;;;;;;;06:56;15:22;;;;07:58;;;;;118;207;
08/09/2026;;;;;;;;;390123;;;;;;;;;;;06:39;16:34;;;;09:25;;;;;119;;
08/09/2026;;;;;;;;;390124;;;;;;;;;;;07:17;17:26;;;;09:36;;;;;120;209;215
08/09/2026;;;;;;;;;390125;;;;;;;;;;;07:30;17:42;;;;10:48;;;;;121;206;
08/09/2026;;;;;;;;;390126;;;;;;;;;;;06:39;16:27;;;;09:52;;;;;122;206;202
08/09/2026;;;;;;;;;390127;;;;;;;;;;;07:19;17:48;;;;11:00;;;;;123;;
08/09/2026;;;;;;;;;390128;;;;;;;;;;;07:12;17:44;;;;10:26;;;;;124;213;205
08/09/2026;;;;;;;;;390129;;;;;;;;;;;07:06;16:54;;;;09:11;;;;;125;;
09/09/2026;;;;;;;;;390130;;;;;;;;;;;06:43;15:19;;;;08:16;;;;;101;205;
09/09/2026;;;;;;;;;390131;;;;;;;;;;;07:26;14:39;;;;07:52;;;;;102;;
09/09/2026;;;;;;;;;390132;;;;;;;;;;;06:47;15:40;;;;09:09;;;;;103;205;
09/09/2026;;;;;;;;;390133;;;;;;;;;;;06:48;16:41;;;;09:52;;;;;105;;
09/09/2026;;;;;;;;;390134;;;;;;;;;;;07:08;14:22;;;;07:01;;;;;106;;
09/09/2026;;;;;;;;;390135;;;;;;;;;;;06:48;15:11;;;;08:38;;;;;107;;
09/09/2026;;;;;;;;;390136;;;;;;;;;;;07:04;17:04;;;;10:05;;;;;108;;
09/09/2026;;;;;;;;;390137;;;;;;;;;;;07:17;14:27;;;;06:39;;;;;109;210;
09/09/2026;;;;;;;;;390138;;;;;;;;;;;07:10;15:56;;;;08:08;;;;;110;203;
09/09/2026;;;;;;;;;390139;;;;;;;;;;;07:28;16:00;;;;08:23;;;;;111;210;
09/09/2026;;;;;;;;;390140;;;;;;;;;;;07:17;15:43;;;;08:07;;;;;113;;
09/09/2026;;;;;;;;;390141;;;;;;;;;;;06:37;15:52;;;;09:19;;;;;114;212;
09/09/2026;;;;;;;;;390142;;;;;;;;;;;06:39;14:44;;;;07:44;;;;;115;202;203
09/09/2026;;;;;;;;;390143;;;;;;;;;;;06:58;16:52;;;;10:33;;;;;116;214;
09/09/2026;;;;;;;;;390144;;;;;;;;;;;06:34;15:34;;;;08:55;;;;;117;201;206
09/09/2026;;;;;;;;;390145;;;;;;;;;;;06:33;15:07;;;;08:05;;;;;118;210;209
09/09/2026;;;;;;;;;390146;;;;;;;;;;;07:17;14:27;;;;06:54;;;;;119;210;
09/09/2026;;;;;;;;;390147;;;;;;;;;;;06:33;15:28;;;;08:25;;;;;120;211;203
09/09/2026;;;;;;;;;390148;;;;;;;;;;;07:09;14:49;;;;07:49;;;;;121;213;
09/09/2026;;;;;;;;;390149;;;;;;;;;;;06:51;14:07;;;;07:25;;;;;123;205;
09/09/2026;;;;;;;;;390150;;;;;;;;;;;07:07;16:56;;;;09:59;;;;;124;;
09/09/2026;;;;;;;;;390151;;;;;;;;;;;07:30;14:51;;;;07:23;;;;;125;;
10/09/2026;;;;;;;;;390152;;;;;;;;;;;07:23;17:32;;;;10:23;;;;;101;206;201
10/09/2026;;;;;;;;;390153;;;;;;;;;;;07:19;16:23;;;;08:43;;;;;102;;
10/09/2026;;;;;;;;;390154;;;;;;;;;;;07:20;14:45;;;;07:52;;;;;103;;
10/09/2026;;;;;;;;;390155;;;;;;;;;;;07:26;17:42;;;;10:24;;;;;104;;
10/09/2026;;;;;;;;;390156;;;;;;;;;;;07:23;17:20;;;;10:13;;;;;105;;
10/09/2026;;;;;;;;;390157;;;;;;;;;;;07:13;17:17;;;;10:00;;;;;106;213;208
10/09/2026;;;;;;;;;390158;;;;;;;;;;;07:20;16:20;;;;09:33;;;;;107;208;
10/09/2026;;;;;;;;;390159;;;;;;;;;;;06:56;14:37;;;;07:33;;;;;108;;
10/09/2026;;;;;;;;;390160;;;;;;;;;;;07:25;16:00;;;;09:01;;;;;109;;
10/09/2026;;;;;;;;;390161;;;;;;;;;;;07:18;14:59;;;;07:19;;;;;110;202;
10/09/2026;;;;;;;;;390162;;;;;;;;;;;07:29;14:35;;;;07:30;;;;;111;204;
10/09/2026;;;;;;;;;390163;;;;;;;;;;;06:31;14:52;;;;07:59;;;;;112;;
10/09/2026;;;;;;;;;390164;;;;;;;;;;;07:00;16:58;;;;10:36;;;;;114;;
10/09/2026;;;;;;;;;390165;;;;;;;;;;;06:31;14:36;;;;08:42;;;;;115;207;202
10/09/2026;;;;;;;;;390166;;;;;;;;;;;07:20;16:59;;;;10:02;;;;;117;209;201
10/09/2026;;;;;;;;;390167;;;;;;;;;;;06:48;15:37;;;;08:39;;;;;118;207;203
10/09/2026;;;;;;;;;390168;;;;;;;;;;;07:04;16:13;;;;09:18;;;;;119;201;
10/09/2026;;;;;;;;;390169;;;;;;;;;;;06:46;16:57;;;;09:39;;;;;120;204;
10/09/2026;;;;;;;;;390170;;;;;;;;;;;07:17;17:30;;;;10:18;;;;;121;206;214
10/09/2026;;;;;;;;;390171;;;;;;;;;;;07:21;14:55;;;;07:31;;;;;122;;
10/09/2026;;;;;;;;;390172;;;;;;;;;;;06:32;14:52;;;;08:49;;;;;124;205;
10/09/2026;;;;;;;;;390173;;;;;;;;;;;06:52;17:32;;;;10:34;;;;;125;;
11/09/2026;;;;;;;;;390174;;;;;;;;;;;06:57;15:39;;;;08:25;;;;;101;212;
11/09/2026;;;;;;;;;390175;;;;;;;;;;;07:03;15:11;;;;08:23;;;;;102;214;203
11/09/2026;;;;;;;;;390176;;;;;;;;;;;06:49;15:43;;;;09:10;;;;;104;208;
11/09/2026;;;;;;;;;390177;;;;;;;;;;;06:57;15:07;;;;08:21;;;;;105;209;
11/09/2026;;;;;;;;;390178;;;;;;;;;;;07:08;17:01;;;;09:21;;;;;106;;
11/09/2026;;;;;;;;;390179;;;;;;;;;;;06:53;15:25;;;;09:09;;;;;107;;
11/09/2026;;;;;;;;;390180;;;;;;;;;;;07:30;16:04;;;;08:03;;;;;108;203;209
11/09/2026;;;;;;;;;390181;;;;;;;;;;;06:37;13:43;;;;07:15;;;;;109;202;205
11/09/2026;;;;;;;;;390182;;;;;;;;;;;07:28;16:33;;;;08:34;;;;;110;203;
11/09/2026;;;;;;;;;390183;;;;;;;;;;;07:24;15:45;;;;08:50;;;;;111;215;
11/09/2026;;;;;;;;;390184;;;;;;;;;;;07:29;17:28;;;;10:05;;;;;112;204;202
11/09/2026;;;;;;;;;390185;;;;;;;;;;;06:53;15:52;;;;08:30;;;;;114;;
11/09/2026;;;;;;;;;390186;;;;;;;;;;;07:15;17:19;;;;10:16;;;;;115;202;203
11/09/2026;;;;;;;;;390187;;;;;;;;;;;07:03;15:31;;;;09:03;;;;;116;;
11/09/2026;;;;;;;;;390188;;;;;;;;;;;06:38;15:28;;;;09:16;;;;;117;;
11/09/2026;;;;;;;;;390189;;;;;;;;;;;06:40;15:02;;;;08:18;;;;;118;;
11/09/2026;;;;;;;;;390190;;;;;;;;;;;07:10;16:31;;;;09:19;;;;;119;209;202
11/09/2026;;;;;;;;;390191;;;;;;;;;;;06:39;14:22;;;;08:15;;;;;120;;
11/09/2026;;;;;;;;;390192;;;;;;;;;;;06:31;13:51;;;;07:53;;;;;121;211;
11/09/2026;;;;;;;;;390193;;;;;;;;;;;07:10;14:17;;;;07:04;;;;;122;205;208
11/09/2026;;;;;;;;;390194;;;;;;;;;;;07:00;15:58;;;;08:36;;;;;125;214;
14/09/2026;;;;;;;;;390195;;;;;;;;;;;06:38;16:52;;;;09:47;;;;;101;204;
14/09/2026;;;;;;;;;390196;;;;;;;;;;;06:45;14:21;;;;07:45;;;;;102;207;204
14/09/2026;;;;;;;;;390197;;;;;;;;;;;06:40;15:47;;;;09:06;;;;;103;201;
14/09/2026;;;;;;;;;390198;;;;;;;;;;;06:45;14:40;;;;07:21;;;;;104;208;
14/09/2026;;;;;;;;;390199;;;;;;;;;;;06:48;16:05;;;;08:54;;;;;105;212;
14/09/2026;;;;;;;;;390200;;;;;;;;;;;06:55;14:08;;;;07:19;;;;;106;205;202
14/09/2026;;;;;;;;;390201;;;;;;;;;;;07:09;17:03;;;;09:26;;;;;107;206;
14/09/2026;;;;;;;;;390202;;;;;;;;;;;07:18;14:54;;;;07:47;;;;;108;201;215
14/09/2026;;;;;;;;;390203;;;;;;;;;;;06:39;16:14;;;;10:13;;;;;109;203;
14/09/2026;;;;;;;;;390204;;;;;;;;;;;06:49;16:20;;;;09:59;;;;;110;212;
14/09/2026;;;;;;;;;390205;;;;;;;;;;;06:31;15:05;;;;09:08;;;;;111;213;
14/09/2026;;;;;;;;;390206;;;;;;;;;;;06:46;16:33;;;;09:13;;;;;112;208;203
14/09/2026;;;;;;;;;390207;;;;;;;;;;;07:13;15:15;;;;07:36;;;;;113;;
14/09/2026;;;;;;;;;390208;;;;;;;;;;;06:39;15:24;;;;09:23;;;;;115;214;
14/09/2026;;;;;;;;;390209;;;;;;;;;;;07:05;15:28;;;;08:23;;;;;116;;
14/09/2026;;;;;;;;;390210;;;;;;;;;;;07:04;15:31;;;;08:20;;;;;117;208;204
14/09/2026;;;;;;;;;390211;;;;;;;;;;;06:49;17:06;;;;10:39;;;;;118;208;
14/09/2026;;;;;;;;;390212;;;;;;;;;;;07:20;17:24;;;;10:37;;;;;119;209;207
14/09/2026;;;;;;;;;390213;;;;;;;;;;;06:35;15:03;;;;08:49;;;;;121;;
14/09/2026;;;;;;;;;390214;;;;;;;;;;;07:04;15:13;;;;07:42;;;;;122;212;210
14/09/2026;;;;;;;;;390215;;;;;;;;;;;06:44;13:57;;;;07:33;;;;;123;;
14/09/2026;;;;;;;;;390216;;;;;;;;;;;06:38;13:39;;;;07:21;;;;;124;211;
14/09/2026;;;;;;;;;390217;;;;;;;;;;;07:11;14:26;;;;07:04;;;;;125;212;215
